{"info": {"description": "This dataset contains images of Air Pollution for different cities in India and Nepal. The dataset is divided into two folders: Combined_Dataset and Country_wise_Dataset.                        Total number of image dataset: 12,240 Image size: 230*230", "url": "https://www.kaggle.com/datasets/adarshrouniyar/air-pollution-image-dataset-from-india-and-nepal", "version": "2022", "year": "10/01/2022", "contributor": "Adarsh Rouniyar, Sapdo Utomo, Dr. John A., Dr. Pao-Ann Hsiun", "help": "Email: adarsh@csie.io"}, "licenses": [{"id": 1, "name": "Attribution-NonCommercial-ShareAlike 3.0 IGO (CC BY-NC-SA 3.0 IGO)", "url": "https://creativecommons.org/licenses/by-nc-sa/3.0/igo/"}], "categories": [{"id": 1, "name": "clean air", "supercategory": "pollution_level"}, {"id": 2, "name": "moderate polluted air", "supercategory": "pollution_level"}, {"id": 3, "name": "heavy polluted air", "supercategory": "pollution_level"}], "images": [{"id": 1, "file_name": "MH_Good_2023-03-22-11.00-11 - Copy.jpg", "category_id": 1}, {"id": 2, "file_name": "MH_Good_2023-03-22-11.00-11.jpg", "category_id": 1}, {"id": 3, "file_name": "MH_Good_2023-03-22-11.00-5 - Copy.jpg", "category_id": 1}, {"id": 4, "file_name": "MH_Good_2023-03-22-11.00-5.jpg", "category_id": 1}, {"id": 5, "file_name": "MH_Good_2023-03-22-18.00-1-187.jpg", "category_id": 1}, {"id": 6, "file_name": "MH_Good_2023-03-22-18.00-1-193.jpg", "category_id": 1}, {"id": 7, "file_name": "MH_Good_2023-03-22-18.00-1-199.jpg", "category_id": 1}, {"id": 8, "file_name": "MH_Good_2023-03-22-18.00-1-205.jpg", "category_id": 1}, {"id": 9, "file_name": "MH_Good_2023-03-22-18.00-1-211.jpg", "category_id": 1}, {"id": 10, "file_name": "MH_Good_2023-03-23-17.00-1-358.jpg", "category_id": 1}, {"id": 11, "file_name": "MH_Good_2023-03-23-17.00-1-365.jpg", "category_id": 1}, {"id": 12, "file_name": "MH_Good_2023-03-23-17.00-1-421.jpg", "category_id": 1}, {"id": 13, "file_name": "MH_Good_2023-03-23-17.00-1-526.jpg", "category_id": 1}, {"id": 14, "file_name": "MH_Good_2023-03-23-17.00-1-547.jpg", "category_id": 1}, {"id": 15, "file_name": "MH_Good_2023-03-23-17.00-10.jpg", "category_id": 1}, {"id": 16, "file_name": "MH_Good_2023-03-23-17.00-11.jpg", "category_id": 1}, {"id": 17, "file_name": "MH_Good_2023-03-23-17.00-9.jpg", "category_id": 1}, {"id": 18, "file_name": "TN_Good_2023-02-20-08.30-1-25.jpg", "category_id": 1}, {"id": 19, "file_name": "TN_Good_2023-02-20-08.30-1-26.jpg", "category_id": 1}, {"id": 20, "file_name": "TN_Good_2023-02-20-08.30-1-27.jpg", "category_id": 1}, {"id": 21, "file_name": "TN_Good_2023-02-20-08.30-1-32.jpg", "category_id": 1}, {"id": 22, "file_name": "TN_Good_2023-02-20-08.30-1-33.jpg", "category_id": 1}, {"id": 23, "file_name": "TN_Good_2023-02-20-08.30-1-34.jpg", "category_id": 1}, {"id": 24, "file_name": "TN_Good_2023-02-20-08.30-1-35.jpg", "category_id": 1}, {"id": 25, "file_name": "TN_Good_2023-02-20-08.30-1-36.jpg", "category_id": 1}, {"id": 26, "file_name": "BENGR_Mod_2023-03-09-08.30-1-171.jpg", "category_id": 2}, {"id": 27, "file_name": "BENGR_UHFSG_2023-02-05-08.30-1-61.jpg", "category_id": 2}, {"id": 28, "file_name": "BENGR_UHFSG_2023-02-05-08.30-1-62.jpg", "category_id": 2}, {"id": 29, "file_name": "BENGR_UHFSG_2023-02-05-08.30-1-63.jpg", "category_id": 2}, {"id": 30, "file_name": "BIR_MOD_2023-02-13-09.30-2-29.jpg", "category_id": 2}, {"id": 31, "file_name": "BIR_MOD_2023-02-13-09.30-2-37.jpg", "category_id": 2}, {"id": 32, "file_name": "BIR_MOD_2023-02-13-09.30-2-38.jpg", "category_id": 2}, {"id": 33, "file_name": "BIR_UNFSG_VF_2023-02-03-16.00-1-18.jpg", "category_id": 2}, {"id": 34, "file_name": "BIR_UNFSG_VF_2023-02-03-16.00-1-21.jpg", "category_id": 2}, {"id": 35, "file_name": "BIR_UNFSG_VF_2023-02-03-16.00-1-22.jpg", "category_id": 2}, {"id": 36, "file_name": "BIR_UNFSG_VF_2023-02-03-16.00-2-10.jpg", "category_id": 2}, {"id": 37, "file_name": "BIR_UNFSG_VF_2023-02-03-16.00-2-101.jpg", "category_id": 2}, {"id": 38, "file_name": "BIR_UNFSG_VF_2023-02-03-16.00-2-104.jpg", "category_id": 2}, {"id": 39, "file_name": "BIR_UNFSG_VF_2023-02-03-16.00-2-105.jpg", "category_id": 2}, {"id": 40, "file_name": "BIR_UNFSG_VF_2023-02-03-16.00-2-109.jpg", "category_id": 2}, {"id": 41, "file_name": "BIR_UNFSG_VF_2023-02-03-16.00-2-11.jpg", "category_id": 2}, {"id": 42, "file_name": "BIR_UNFSG_VF_2023-02-03-16.00-2-110.jpg", "category_id": 2}, {"id": 43, "file_name": "BIR_UNFSG_VF_2023-02-03-16.00-2-111.jpg", "category_id": 2}, {"id": 44, "file_name": "BIR_UNFSG_VF_2023-02-03-16.00-2-112.jpg", "category_id": 2}, {"id": 45, "file_name": "BIR_UNFSG_VF_2023-02-03-16.00-2-113.jpg", "category_id": 2}, {"id": 46, "file_name": "BIR_UNFSG_VF_2023-02-03-16.00-2-7.jpg", "category_id": 2}, {"id": 47, "file_name": "BIR_UNFSG_VF_2023-02-03-16.00-2-8.jpg", "category_id": 2}, {"id": 48, "file_name": "BIR_UNFSG_VF_2023-02-03-16.00-2-9.jpg", "category_id": 2}, {"id": 49, "file_name": "BIR_UNH_VF_2023-02-02- 12.00-2-68.jpg", "category_id": 2}, {"id": 50, "file_name": "MH_Mod_2023-03-21-15.00-1-407.jpg", "category_id": 2}, {"id": 51, "file_name": "MH_Mod_2023-03-21-15.00-1-421.jpg", "category_id": 2}, {"id": 52, "file_name": "MH_Mod_2023-03-21-15.00-1-456.jpg", "category_id": 2}, {"id": 53, "file_name": "MH_Mod_2023-03-21-15.00-1-484.jpg", "category_id": 2}, {"id": 54, "file_name": "MH_Mod_2023-03-21-15.00-1-498.jpg", "category_id": 2}, {"id": 55, "file_name": "MH_Mod_2023-03-21-15.00-1-505.jpg", "category_id": 2}, {"id": 56, "file_name": "MH_Mod_2023-03-21-15.00-10.jpg", "category_id": 2}, {"id": 57, "file_name": "MH_Mod_2023-03-21-15.00-11.jpg", "category_id": 2}, {"id": 58, "file_name": "MH_Mod_2023-03-21-15.00-13.jpg", "category_id": 2}, {"id": 59, "file_name": "MH_Mod_2023-03-21-15.00-14.jpg", "category_id": 2}, {"id": 60, "file_name": "MH_Mod_2023-03-21-15.00-2.jpg", "category_id": 2}, {"id": 61, "file_name": "MH_Mod_2023-03-21-15.00-6.jpg", "category_id": 2}, {"id": 62, "file_name": "MH_Mod_2023-03-21-15.00-8.jpg", "category_id": 2}, {"id": 63, "file_name": "MH_UnFSG_2023-03-14-13.00-1-409.jpg", "category_id": 3}, {"id": 64, "file_name": "MH_UnFSG_2023-03-14-13.00-1-415.jpg", "category_id": 3}, {"id": 65, "file_name": "MH_UnFSG_2023-03-14-13.00-2.jpg", "category_id": 3}, {"id": 66, "file_name": "MH_UnFSG_2023-03-18-11.00-4.jpg", "category_id": 3}, {"id": 67, "file_name": "MH_UnFSG_2023-03-18-11.00-5.jpg", "category_id": 3}, {"id": 68, "file_name": "MH_UnFSG_2023-03-18-11.00-6.jpg", "category_id": 3}, {"id": 69, "file_name": "MH_UnFSG_2023-03-18-11.00-7.jpg", "category_id": 3}, {"id": 70, "file_name": "MH_UN_2023-03-16-11.00-1-246.jpg", "category_id": 3}, {"id": 71, "file_name": "MH_UN_2023-03-16-11.00-1-274.jpg", "category_id": 3}, {"id": 72, "file_name": "MH_UN_2023-03-16-11.00-1-281.jpg", "category_id": 3}, {"id": 73, "file_name": "MH_UN_2023-03-16-11.00-1-288.jpg", "category_id": 3}, {"id": 74, "file_name": "MH_UN_2023-03-16-11.00-1-295.jpg", "category_id": 3}, {"id": 75, "file_name": "MH_UN_2023-03-16-11.00-1-302.jpg", "category_id": 3}, {"id": 76, "file_name": "MH_UN_2023-03-16-11.00-1-309.jpg", "category_id": 3}, {"id": 77, "file_name": "MH_VUN_2023-02-25-10.00-1-176.jpg", "category_id": 3}, {"id": 78, "file_name": "MH_VUN_2023-02-25-10.00-1-191.jpg", "category_id": 3}, {"id": 79, "file_name": "MH_VUN_2023-02-25-10.00-1-196.jpg", "category_id": 3}, {"id": 80, "file_name": "MH_VUN_2023-02-25-10.00-1-201.jpg", "category_id": 3}, {"id": 81, "file_name": "MH_VUN_2023-02-25-10.00-1-221.jpg", "category_id": 3}, {"id": 82, "file_name": "MH_VUN_2023-03-05-08.30-1-11.jpg", "category_id": 3}, {"id": 83, "file_name": "MH_VUN_2023-03-05-08.30-1-6.jpg", "category_id": 3}, {"id": 84, "file_name": "MH_VUN_2023-03-05-08.30-2-1.jpg", "category_id": 3}, {"id": 85, "file_name": "MH_VUN_2023-03-05-08.30-2-141.jpg", "category_id": 3}, {"id": 86, "file_name": "MH_VUN_2023-03-05-08.30-2-151.jpg", "category_id": 3}, {"id": 87, "file_name": "MH_VUN_2023-03-05-08.30-2-181.jpg", "category_id": 3}, {"id": 88, "file_name": "MH_VUN_2023-03-05-08.30-2-186.jpg", "category_id": 3}, {"id": 89, "file_name": "MH_VUN_2023-03-05-08.30-2-191.jpg", "category_id": 3}, {"id": 90, "file_name": "MH_VUN_2023-03-05-08.30-2-246.jpg", "category_id": 3}, {"id": 91, "file_name": "MH_VUN_2023-03-05-08.30-2-291.jpg", "category_id": 3}, {"id": 92, "file_name": "MH_VUN_2023-03-05-08.30-2-316.jpg", "category_id": 3}, {"id": 93, "file_name": "MH_VUN_2023-03-05-08.30-2-326.jpg", "category_id": 3}, {"id": 94, "file_name": "MH_VUN_2023-03-05-08.30-2-381.jpg", "category_id": 3}, {"id": 95, "file_name": "MH_VUN_2023-03-05-08.30-2-6.jpg", "category_id": 3}, {"id": 96, "file_name": "TN_UnFSG_2023-03-02-08.30-1-106.jpg", "category_id": 3}, {"id": 97, "file_name": "UP_SEV_2023-02-18-14.30-1-23.jpg", "category_id": 3}, {"id": 98, "file_name": "UP_SEV_2023-02-18-14.30-1-24.jpg", "category_id": 3}, {"id": 99, "file_name": "UP_SEV_2023-02-18-14.30-1-25.jpg", "category_id": 3}, {"id": 100, "file_name": "UP_SEV_2023-02-18-14.30-1-30.jpg", "category_id": 3}, {"id": 101, "file_name": "UP_SEV_2023-02-18-14.30-1-31.jpg", "category_id": 3}, {"id": 102, "file_name": "UP_SEV_2023-02-18-14.30-1-32.jpg", "category_id": 3}, {"id": 103, "file_name": "UP_UHFSG_2023-03-06-11.30-1-305.jpg", "category_id": 3}, {"id": 104, "file_name": "UP_UHFSG_2023-03-06-11.30-1-309.jpg", "category_id": 3}]}